{"cameraMode":{"drawMode":0,"name":"Shaded","section":"Shading Mode"},"sceneLighting":false,"audioPlay":false,"sceneViewState":{"showFog":false,"showMaterialUpdate":false,"showSkybox":false,"showFlares":false,"showImageEffects":false,"showParticleSystems":false},"in2DMode":false,"pivot":{"x":-0.3323155641555786,"y":3.725290298461914e-9,"z":0.1667284071445465},"rotation":{"x":-0.36758774518966677,"y":0.14061999320983888,"z":-0.05655566230416298,"w":-0.9177473783493042},"size":0.582285463809967,"orthographic":false}