{"cameraMode":{"drawMode":0,"name":"Shaded","section":"Shading Mode"},"sceneLighting":false,"audioPlay":false,"sceneViewState":{"showFog":false,"showMaterialUpdate":false,"showSkybox":false,"showFlares":false,"showImageEffects":false,"showParticleSystems":false},"in2DMode":false,"pivot":{"x":-0.27650490403175356,"y":0.06895271688699722,"z":0.26071426272392275},"rotation":{"x":-0.1930702179670334,"y":-0.5626085996627808,"z":0.1362910121679306,"w":-0.7927014231681824},"size":0.6420415639877319,"orthographic":false}