{"cameraMode":{"drawMode":0,"name":"Shaded","section":"Shading Mode"},"sceneLighting":false,"audioPlay":false,"sceneViewState":{"showFog":false,"showMaterialUpdate":false,"showSkybox":false,"showFlares":false,"showImageEffects":false,"showParticleSystems":false},"in2DMode":false,"pivot":{"x":5.960464477539063e-8,"y":1.0499999523162842,"z":7.692000389099121},"rotation":{"x":-0.1898171305656433,"y":0.6743224859237671,"z":-0.18576064705848695,"w":-0.6890475749969482},"size":1.4287757873535157,"orthographic":false}