{"cameraMode":{"drawMode":0,"name":"Shaded","section":"Shading Mode"},"sceneLighting":false,"audioPlay":false,"sceneViewState":{"showFog":false,"showMaterialUpdate":false,"showSkybox":false,"showFlares":false,"showImageEffects":false,"showParticleSystems":false},"in2DMode":false,"pivot":{"x":0.0,"y":0.8493505716323853,"z":-0.018515609204769136},"rotation":{"x":-0.02673383615911007,"y":0.9462522864341736,"z":-0.08270799368619919,"w":-0.31279075145721438},"size":1.416136384010315,"orthographic":false}