{"cameraMode":{"drawMode":0,"name":"Shaded","section":"Shading Mode"},"sceneLighting":false,"audioPlay":false,"sceneViewState":{"showFog":false,"showMaterialUpdate":false,"showSkybox":false,"showFlares":false,"showImageEffects":false,"showParticleSystems":false},"in2DMode":false,"pivot":{"x":1.56657874584198,"y":-1.6244847774505616,"z":1.3073408603668213},"rotation":{"x":-0.28712016344070437,"y":-0.13384811580181123,"z":0.03995374217629433,"w":-0.9480536580085754},"size":6.062177658081055,"orthographic":false}