{"cameraMode":{"drawMode":0,"name":"Shaded","section":"Shading Mode"},"sceneLighting":false,"audioPlay":false,"sceneViewState":{"showFog":false,"showMaterialUpdate":false,"showSkybox":false,"showFlares":false,"showImageEffects":false,"showParticleSystems":false},"in2DMode":false,"pivot":{"x":5.223129749298096,"y":1.5961954593658448,"z":6.6275634765625},"rotation":{"x":-0.2379465103149414,"y":0.7484728097915649,"z":-0.34780535101890566,"w":-0.5120577812194824},"size":0.08660273253917694,"orthographic":false}