{"cameraMode":{"drawMode":0,"name":"Shaded","section":"Shading Mode"},"sceneLighting":true,"audioPlay":false,"sceneViewState":{"showFog":false,"showMaterialUpdate":false,"showSkybox":false,"showFlares":false,"showImageEffects":false,"showParticleSystems":false},"in2DMode":false,"pivot":{"x":33.28047561645508,"y":10.736316680908204,"z":14.033320426940918},"rotation":{"x":-0.04032590612769127,"y":0.9462511539459229,"z":-0.13157106935977937,"w":-0.29403185844421389},"size":4.59667444229126,"orthographic":false}