{"cameraMode":{"drawMode":0,"name":"Shaded","section":"Shading Mode"},"sceneLighting":false,"audioPlay":false,"sceneViewState":{"showFog":false,"showMaterialUpdate":false,"showSkybox":false,"showFlares":false,"showImageEffects":false,"showParticleSystems":false},"in2DMode":false,"pivot":{"x":0.09999999403953552,"y":1.499999761581421,"z":0.09999999403953552},"rotation":{"x":-0.28136125206947329,"y":0.3404597342014313,"z":-0.10771598666906357,"w":-0.8908007740974426},"size":1.5066516399383546,"orthographic":false}