{"cameraMode":{"drawMode":0,"name":"Shaded","section":"Shading Mode"},"sceneLighting":false,"audioPlay":false,"sceneViewState":{"showFog":false,"showMaterialUpdate":false,"showSkybox":false,"showFlares":false,"showImageEffects":false,"showParticleSystems":false},"in2DMode":false,"pivot":{"x":0.0,"y":0.845773458480835,"z":-0.048839688301086429},"rotation":{"x":0.011372336186468602,"y":0.9804768562316895,"z":0.05585285276174545,"w":-0.19026517868041993},"size":1.4225318431854249,"orthographic":false}