{"cameraMode":{"drawMode":0,"name":"Shaded","section":"Shading Mode"},"sceneLighting":false,"audioPlay":false,"sceneViewState":{"showFog":false,"showMaterialUpdate":false,"showSkybox":false,"showFlares":false,"showImageEffects":false,"showParticleSystems":false},"in2DMode":false,"pivot":{"x":0.05072224140167236,"y":0.8797911405563355,"z":-0.0314788818359375},"rotation":{"x":-0.27889591455459597,"y":-0.07986437529325485,"z":0.022691985592246057,"w":-0.9571199417114258},"size":1.410020351409912,"orthographic":false}