{"cameraMode":{"drawMode":0,"name":"Shaded","section":"Shading Mode"},"sceneLighting":false,"audioPlay":false,"sceneViewState":{"showFog":false,"showMaterialUpdate":false,"showSkybox":false,"showFlares":false,"showImageEffects":false,"showParticleSystems":false},"in2DMode":false,"pivot":{"x":1.1920928955078126e-7,"y":0.8562846183776856,"z":-0.017230264842510225},"rotation":{"x":-0.02673383615911007,"y":0.9462522864341736,"z":-0.08270799368619919,"w":-0.31279075145721438},"size":1.4141631126403809,"orthographic":false}