{"cameraMode":{"drawMode":0,"name":"Shaded","section":"Shading Mode"},"sceneLighting":false,"audioPlay":false,"sceneViewState":{"showFog":false,"showMaterialUpdate":false,"showSkybox":false,"showFlares":false,"showImageEffects":false,"showParticleSystems":false},"in2DMode":false,"pivot":{"x":0.15750356018543244,"y":1.0254743099212647,"z":0.8691663146018982},"rotation":{"x":-0.09227580577135086,"y":0.2646848261356354,"z":-0.026067694649100305,"w":-0.9599671363830566},"size":1.416939377784729,"orthographic":false}