{"cameraMode":{"drawMode":0,"name":"Shaded","section":"Shading Mode"},"sceneLighting":false,"audioPlay":false,"sceneViewState":{"showFog":false,"showMaterialUpdate":false,"showSkybox":false,"showFlares":false,"showImageEffects":false,"showParticleSystems":false},"in2DMode":false,"pivot":{"x":-0.6469525694847107,"y":1.1517447233200074,"z":-0.5898963212966919},"rotation":{"x":0.011372336186468602,"y":0.9804768562316895,"z":0.05585285276174545,"w":-0.19026517868041993},"size":1.4347100257873536,"orthographic":false}