{"cameraMode":{"drawMode":0,"name":"Shaded","section":"Shading Mode"},"sceneLighting":false,"audioPlay":false,"sceneViewState":{"showFog":false,"showMaterialUpdate":false,"showSkybox":false,"showFlares":false,"showImageEffects":false,"showParticleSystems":false},"in2DMode":false,"pivot":{"x":0.31921327114105227,"y":-0.39399147033691409,"z":0.09896588325500488},"rotation":{"x":-0.2659173905849457,"y":-0.08160523325204849,"z":0.02200816571712494,"w":-0.9606766104698181},"size":1.661245346069336,"orthographic":false}