{"cameraMode":{"drawMode":0,"name":"Shaded","section":"Shading Mode"},"sceneLighting":false,"audioPlay":false,"sceneViewState":{"showFog":false,"showMaterialUpdate":false,"showSkybox":false,"showFlares":false,"showImageEffects":false,"showParticleSystems":false},"in2DMode":false,"pivot":{"x":-1.3162347078323365,"y":0.6738287210464478,"z":0.2101895809173584},"rotation":{"x":-0.1562720537185669,"y":0.15719135105609895,"z":-0.025787176564335824,"w":-0.9751720428466797},"size":1.5000174045562745,"orthographic":false}