{"cameraMode":{"drawMode":0,"name":"Shaded","section":"Shading Mode"},"sceneLighting":false,"audioPlay":false,"sceneViewState":{"showFog":false,"showMaterialUpdate":false,"showSkybox":false,"showFlares":false,"showImageEffects":false,"showParticleSystems":false},"in2DMode":false,"pivot":{"x":-0.3292948305606842,"y":1.2284127473831177,"z":-0.6201750636100769},"rotation":{"x":0.005368881393224001,"y":0.994290828704834,"z":0.09873750060796738,"w":-0.048909492790699008},"size":1.4365341663360596,"orthographic":false}