{"cameraMode":{"drawMode":0,"name":"Shaded","section":"Shading Mode"},"sceneLighting":false,"audioPlay":false,"sceneViewState":{"showFog":false,"showMaterialUpdate":false,"showSkybox":false,"showFlares":false,"showImageEffects":false,"showParticleSystems":false},"in2DMode":false,"pivot":{"x":0.0,"y":0.8578311204910278,"z":-0.009907066822052002},"rotation":{"x":0.011372336186468602,"y":0.9804768562316895,"z":0.05585285276174545,"w":-0.19026517868041993},"size":1.4209253787994385,"orthographic":false}