{"cameraMode":{"drawMode":0,"name":"Shaded","section":"Shading Mode"},"sceneLighting":false,"audioPlay":false,"sceneViewState":{"showFog":false,"showMaterialUpdate":false,"showSkybox":false,"showFlares":false,"showImageEffects":false,"showParticleSystems":false},"in2DMode":false,"pivot":{"x":-0.7069327235221863,"y":-1.566892147064209,"z":-11.59609603881836},"rotation":{"x":-0.046284452080726626,"y":0.9531522989273071,"z":-0.22751177847385407,"w":-0.19390730559825898},"size":9.442121505737305,"orthographic":false}