{"cameraMode":{"drawMode":0,"name":"Shaded","section":"Shading Mode"},"sceneLighting":false,"audioPlay":false,"sceneViewState":{"showFog":false,"showMaterialUpdate":false,"showSkybox":false,"showFlares":false,"showImageEffects":false,"showParticleSystems":false},"in2DMode":false,"pivot":{"x":-0.3106570541858673,"y":0.9599207639694214,"z":-0.8136141300201416},"rotation":{"x":0.0020376411266624929,"y":0.9799838662147522,"z":0.007246301509439945,"w":-0.20089547336101533},"size":1.431182622909546,"orthographic":false}