{"cameraMode":{"drawMode":0,"name":"Shaded","section":"Shading Mode"},"sceneLighting":false,"audioPlay":false,"sceneViewState":{"showFog":false,"showMaterialUpdate":false,"showSkybox":false,"showFlares":false,"showImageEffects":false,"showParticleSystems":false},"in2DMode":false,"pivot":{"x":-0.5711501240730286,"y":0.9000547528266907,"z":-1.6207084655761719},"rotation":{"x":-0.24461239576339723,"y":-0.16131851077079774,"z":0.04070723056793213,"w":-0.9556357264518738},"size":0.000017320508050033823,"orthographic":false}