{"cameraMode":{"drawMode":0,"name":"Shaded","section":"Shading Mode"},"sceneLighting":false,"audioPlay":false,"sceneViewState":{"showFog":false,"showMaterialUpdate":false,"showSkybox":false,"showFlares":false,"showImageEffects":false,"showParticleSystems":false},"in2DMode":false,"pivot":{"x":0.0,"y":0.8603151440620422,"z":0.015999548137187959},"rotation":{"x":0.005368881393224001,"y":0.994290828704834,"z":0.09873750060796738,"w":-0.048909492790699008},"size":1.427444338798523,"orthographic":false}