{"cameraMode":{"drawMode":0,"name":"Shaded","section":"Shading Mode"},"sceneLighting":false,"audioPlay":false,"sceneViewState":{"showFog":false,"showMaterialUpdate":false,"showSkybox":false,"showFlares":false,"showImageEffects":false,"showParticleSystems":false},"in2DMode":false,"pivot":{"x":0.23481705784797669,"y":1.1593830585479737,"z":-5.909999847412109},"rotation":{"x":-0.350059449672699,"y":0.36085525155067446,"z":-0.14833135902881623,"w":-0.8516128659248352},"size":0.08660262823104859,"orthographic":false}