{"cameraMode":{"drawMode":0,"name":"Shaded","section":"Shading Mode"},"sceneLighting":false,"audioPlay":false,"sceneViewState":{"showFog":false,"showMaterialUpdate":false,"showSkybox":false,"showFlares":false,"showImageEffects":false,"showParticleSystems":false},"in2DMode":false,"pivot":{"x":2.384185791015625e-7,"y":0.8571031093597412,"z":-0.025625519454479219},"rotation":{"x":-0.02673383615911007,"y":0.9462522864341736,"z":-0.08270799368619919,"w":-0.31279075145721438},"size":1.4186424016952515,"orthographic":false}