{"cameraMode":{"drawMode":0,"name":"Shaded","section":"Shading Mode"},"sceneLighting":false,"audioPlay":false,"sceneViewState":{"showFog":false,"showMaterialUpdate":false,"showSkybox":false,"showFlares":false,"showImageEffects":false,"showParticleSystems":false},"in2DMode":false,"pivot":{"x":-1.031381607055664,"y":-0.16993331909179688,"z":1.05303955078125},"rotation":{"x":-0.2659173905849457,"y":-0.08160523325204849,"z":0.02200816571712494,"w":-0.9606766104698181},"size":25.373046875,"orthographic":false}