{"cameraMode":{"drawMode":0,"name":"Shaded","section":"Shading Mode"},"sceneLighting":false,"audioPlay":false,"sceneViewState":{"showFog":false,"showMaterialUpdate":false,"showSkybox":false,"showFlares":false,"showImageEffects":false,"showParticleSystems":false},"in2DMode":false,"pivot":{"x":0.7693532705307007,"y":1.3408443927764893,"z":0.7427661418914795},"rotation":{"x":-0.2659173905849457,"y":-0.08160523325204849,"z":0.02200816571712494,"w":-0.9606766104698181},"size":2.6484792232513429,"orthographic":false}