{"cameraMode":{"drawMode":0,"name":"Shaded","section":"Shading Mode"},"sceneLighting":false,"audioPlay":false,"sceneViewState":{"showFog":false,"showMaterialUpdate":false,"showSkybox":false,"showFlares":false,"showImageEffects":false,"showParticleSystems":false},"in2DMode":false,"pivot":{"x":8.502461433410645,"y":-2.186710834503174,"z":4.385655403137207},"rotation":{"x":-0.3575623631477356,"y":0.5486758947372437,"z":-0.27939921617507937,"w":-0.7021701335906982},"size":7.200830936431885,"orthographic":false}