{"cameraMode":{"drawMode":0,"name":"Shaded","section":"Shading Mode"},"sceneLighting":false,"audioPlay":false,"sceneViewState":{"showFog":false,"showMaterialUpdate":false,"showSkybox":false,"showFlares":false,"showImageEffects":false,"showParticleSystems":false},"in2DMode":false,"pivot":{"x":0.23481705784797669,"y":1.1593830585479737,"z":-6.825631618499756},"rotation":{"x":-0.1134171113371849,"y":0.7630258798599243,"z":-0.13929906487464906,"w":-0.6209377646446228},"size":2.1035807132720949,"orthographic":false}