{"cameraMode":{"drawMode":0,"name":"Shaded","section":"Shading Mode"},"sceneLighting":false,"audioPlay":false,"sceneViewState":{"showFog":false,"showMaterialUpdate":false,"showSkybox":false,"showFlares":false,"showImageEffects":false,"showParticleSystems":false},"in2DMode":false,"pivot":{"x":-0.28301024436950686,"y":-0.2023009955883026,"z":0.20650053024291993},"rotation":{"x":-0.2659173905849457,"y":-0.08160523325204849,"z":0.02200816571712494,"w":-0.9606766104698181},"size":1.727397084236145,"orthographic":false}