{"cameraMode":{"drawMode":0,"name":"Shaded","section":"Shading Mode"},"sceneLighting":false,"audioPlay":false,"sceneViewState":{"showFog":false,"showMaterialUpdate":false,"showSkybox":false,"showFlares":false,"showImageEffects":false,"showParticleSystems":false},"in2DMode":false,"pivot":{"x":8.609999656677246,"y":1.0499999523162842,"z":5.505000114440918},"rotation":{"x":-0.2379465103149414,"y":0.7484728097915649,"z":-0.34780535101890566,"w":-0.5120577812194824},"size":1.5370506048202515,"orthographic":false}