{"cameraMode":{"drawMode":0,"name":"Shaded","section":"Shading Mode"},"sceneLighting":false,"audioPlay":false,"sceneViewState":{"showFog":false,"showMaterialUpdate":false,"showSkybox":false,"showFlares":false,"showImageEffects":false,"showParticleSystems":false},"in2DMode":false,"pivot":{"x":2.165017604827881,"y":0.012841610237956047,"z":-6.704441547393799},"rotation":{"x":-0.10611483454704285,"y":-0.6818712949752808,"z":0.1009657010436058,"w":-0.7166752815246582},"size":1.4508380889892579,"orthographic":false}