{"cameraMode":{"drawMode":0,"name":"Shaded","section":"Shading Mode"},"sceneLighting":false,"audioPlay":false,"sceneViewState":{"showFog":false,"showMaterialUpdate":false,"showSkybox":false,"showFlares":false,"showImageEffects":false,"showParticleSystems":false},"in2DMode":false,"pivot":{"x":0.08249998092651367,"y":1.679999828338623,"z":-15.260000228881836},"rotation":{"x":-0.12864020466804505,"y":0.006243481766432524,"z":-0.000809714081697166,"w":-0.9916742444038391},"size":2.136000871658325,"orthographic":false}