{"cameraMode":{"drawMode":0,"name":"Shaded","section":"Shading Mode"},"sceneLighting":false,"audioPlay":false,"sceneViewState":{"showFog":false,"showMaterialUpdate":false,"showSkybox":false,"showFlares":false,"showImageEffects":false,"showParticleSystems":false},"in2DMode":false,"pivot":{"x":-0.5618178248405457,"y":1.0141730308532715,"z":-0.7033782005310059},"rotation":{"x":0.006151054985821247,"y":0.9722205400466919,"z":0.02321707457304001,"w":-0.23450911045074464},"size":1.4257866144180298,"orthographic":false}